seqIndex,prediction,distToMargin,P(-1),P(+1)
1,-1,-0.2369576953277879,0.6791424074535328,0.3208575925464671
2,-1,-0.29649748866113423,0.7202729182685458,0.2797270817314543
3,-1,-0.32745648147232637,0.740337001624806,0.2596629983751941
4,-1,-0.6493625308043981,0.8916118810934786,0.10838811890652125
5,-1,-0.5019670953233255,0.8350902800126608,0.16490971998733903
6,-1,-0.8876413288747015,0.9452639818942078,0.054736018105792233
7,-1,-1.075818858520462,0.9702587528460744,0.0297412471539257
8,-1,-1.6239668149382698,0.995084992067581,0.004915007932418974
9,-1,-1.5816485128390187,0.9943505903253723,0.005649409674627783
10,-1,-1.8442215387966576,0.9976193119998045,0.002380688000195652
11,-1,-1.7151761423374747,0.996359501729988,0.003640498270012152
12,-1,-1.800031445405994,0.9972465984026463,0.002753401597353793
13,-1,-1.9630166429177254,0.9983897711931887,0.001610228806811409
14,-1,-2.1119524699043,0.9990137604556084,0.0009862395443917076
15,-1,-1.6490268683228049,0.9954740692426209,0.004525930757378958
16,-1,-1.6187385467266497,0.9949996961263485,0.005000303873651427
17,-1,-1.6775166774313253,0.9958791359910333,0.004120864008966761
18,-1,-1.580715647719924,0.9943332218367837,0.005666778163216204
19,-1,-1.425833056268772,0.9905675286400099,0.009432471359990058
20,-1,-1.7737878796846447,0.9969981946426507,0.0030018053573492923
21,-1,-1.915057810255024,0.998114423102159,0.0018855768978408328
22,-1,-1.4337502189175926,0.9908099648793597,0.009190035120640198
23,-1,-1.545939510735615,0.9936462187772515,0.006353781222748612
24,-1,-1.54716782047087,0.9936718460049037,0.006328153995096345
25,-1,-1.634179700497879,0.9952474365520284,0.0047525634479716255
26,-1,-1.1865170843051311,0.9792970432528556,0.020702956747144254
27,-1,-0.8729666737680231,0.9426289599216555,0.057371040078344454
28,-1,-0.6432379518106549,0.8896481931756005,0.1103518068243995
29,-1,-0.5264642424531858,0.8458970723895385,0.15410292761046138
30,1,0.08039175269041524,0.42658638711458924,0.5734136128854108
31,1,0.009122979941290325,0.4849613763930996,0.5150386236069003
32,-1,-0.020993011990805666,0.509738568941718,0.490261431058282
33,-1,-0.1798646363839122,0.6351773844545272,0.36482261554547274
34,1,0.1975532610434449,0.3361693199342417,0.663830680065758
35,-1,-0.29021249435875895,0.7160858134608636,0.28391418653913636
36,-1,-0.014121244480548857,0.5,0.5
37,-1,-0.023613955476335914,0.5118942590383857,0.48810574096161424
38,1,0.32748056409477705,0.24822361961237366,0.7517763803876263
39,1,0.09330834058406648,0.41603962194767796,0.5839603780523219
40,-1,-0.5527389349614978,0.8568369365766466,0.14316306342335353
41,-1,-0.7357266681089044,0.9161838455292518,0.08381615447074814
42,-1,-0.945161436485437,0.9545201659668479,0.045479834033152165
43,-1,-0.8093462341963983,0.9330129306690791,0.06698706933092076
44,-1,-0.41498471108366225,0.7918032725981475,0.20819672740185244
45,1,0.21657437993330556,0.3223435399214862,0.677656460078514
46,1,0.6549824927748031,0.10084986221861167,0.8991501377813886
47,-1,-0.19016089074180623,0.6426435732661124,0.3573564267338876
48,-1,-0.33275176220078767,0.7436736528250879,0.256326347174912
49,-1,-0.28442944860311337,0.7121998823804122,0.28780011761958757
50,-1,-0.31790151963629687,0.7342453293177698,0.26575467068223013
51,-1,-0.08274102484048987,0.5601683991976505,0.4398316008023495
52,-1,-0.3954479402029105,0.7810032073141827,0.2189967926858174
53,-1,-0.917498325428667,0.9502735179748636,0.04972648202513636
54,-1,-0.7639370145974812,0.9230444393852075,0.07695556061479243
55,-1,-0.8593051574457627,0.940068226400634,0.05993177359936599
56,-1,-0.7635508349214523,0.922954096017694,0.07704590398230608
57,-1,-0.5355446565235245,0.8497531439912114,0.15024685600878848
58,-1,-0.22210593956819263,0.6651413964143122,0.3348586035856876
59,-1,-0.1632574645080656,0.622917783691174,0.37708221630882616
60,-1,-0.7063394390452902,0.9084504020570505,0.09154959794294965
61,-1,-0.6559777410313566,0.8936983299465979,0.10630167005340192
62,-1,-0.755926651289545,0.9211504756892432,0.07884952431075663
63,-1,-0.7450744703641906,0.9185166090887019,0.08148339091129804
64,-1,-1.0278002298202973,0.9652177337413259,0.034782266258674116
65,-1,-1.5136774017135395,0.9929346820285653,0.007065317971434817
66,-1,-0.26273029825758065,0.6973408519469447,0.3026591480530556
67,-1,-0.45576391503599123,0.813066303258155,0.18693369674184507
68,-1,-0.3999515763742089,0.783528132329029,0.2164718676709711
69,-1,-0.7428642768444551,0.9179704493946576,0.08202955060534249
70,-1,-0.7689268650882736,0.9242030671210806,0.0757969328789194
71,-1,-1.2629828860984926,0.9838909676709924,0.016109032329007632
72,-1,-1.4037065595676166,0.9898555921422556,0.010144407857744522
73,-1,-1.6849367953030936,0.9959785496233563,0.004021450376643613
74,-1,-1.5786379880907362,0.9942943470479412,0.005705652952058821
75,-1,-1.8318634259328541,0.9975204790706108,0.0024795209293892602
76,-1,-1.7357901264328717,0.9965982995433161,0.003401700456683934
77,-1,-1.877009695952111,0.9978628593682783,0.00213714063172167
78,-1,-2.2618328552497555,0.9993978221549477,0.00060217784505236
79,-1,-1.789400378609895,0.9971485494885766,0.0028514505114233834
80,-1,-1.7172752887798524,0.9963845661474021,0.003615433852597957
81,-1,-1.7688069884620792,0.996948578295306,0.0030514217046940712
82,-1,-1.828142493847431,0.9974899253052482,0.0025100746947519298
83,-1,-1.7412675564441602,0.9966590745762354,0.0033409254237645775
84,-1,-1.346839651062816,0.9877701262665302,0.012229873733469792
85,-1,-1.7242046134153186,0.9964660860300097,0.0035339139699902787
86,-1,-1.6316053242222361,0.9952070019306304,0.004792998069369475
87,-1,-1.5754132472674716,0.9942334808735817,0.005766519126418276
88,-1,-1.628877694793796,0.995163784989933,0.004836215010067044
89,-1,-1.7794068829153487,0.9970531998629681,0.0029468001370317443
90,-1,-1.7221287758902206,0.996441859588462,0.003558140411538046
91,-1,-1.230522158362035,0.9820796706677334,0.017920329332266755
92,-1,-0.805587691399511,0.9322355462401102,0.06776445375988972
93,-1,-0.47892865523210165,0.8243798509707237,0.17562014902927606
94,-1,-0.2180443558963345,0.6623368352992478,0.3376631647007522
95,-1,-0.09781788864584304,0.5722659360776917,0.42773406392230806
96,-1,-0.10401489066519913,0.5772002630640225,0.42279973693597744
97,-1,-0.4277887529741718,0.7986656435983118,0.20133435640168834
98,-1,-0.23228653066497212,0.6721005330024167,0.3278994669975834
99,1,0.13493016595844698,0.38196572746553414,0.6180342725344657
100,-1,-0.175170445192156,0.6317390220902203,0.3682609779097799
101,-1,-0.07307197708631222,0.5523500237038578,0.44764997629614217
102,1,0.07150315829205688,0.43384530859139997,0.5661546914086001
103,1,0.06989414441325023,0.43515964907736576,0.5648403509226342
104,-1,-0.4919895806404559,0.8305175271921812,0.16948247280781878
105,-1,-0.8896856546827773,0.9456218069605745,0.05437819303942541
106,-1,-0.8002926328112688,0.9311261621207299,0.06887383787926991
107,-1,-0.9146149305668871,0.9498095582242382,0.050190441775761846
108,-1,-0.5867406277300123,0.8700255009594905,0.12997449904050942
109,-1,-0.15925619505576374,0.6199247754478109,0.3800752245521892
110,1,0.26975362630415234,0.2853510846688106,0.7146489153311895
111,1,0.1812235546717664,0.34826805082735013,0.6517319491726495
112,-1,-0.4276068148209114,0.7985693289570426,0.2014306710429573
113,-1,-0.4006769281652089,0.7839328186577706,0.21606718134222944
114,-1,-0.1123847575581398,0.583825226076985,0.41617477392301505
115,-1,-0.3888103286142402,0.7772433834326575,0.22275661656734233
116,-1,-0.08666710934034336,0.5633303774667542,0.4366696225332458
117,-1,-0.6553059772431106,0.8934880795064397,0.10651192049356019
118,-1,-0.9274865566263422,0.951849075734212,0.04815092426578803
119,-1,-0.8340290078288998,0.9379156394409406,0.06208436055905957
120,-1,-0.8571700704107053,0.9396584027327266,0.06034159726727344
121,-1,-0.5611690290609402,0.8602072116772762,0.1397927883227239
122,-1,-0.36834980745066,0.7653657245222437,0.23463427547775637
123,-1,-0.3357465260964312,0.7455482219163537,0.25445177808364605
124,-1,-0.3844281833646066,0.7747360329028148,0.22526396709718516
125,-1,-0.8120944437019172,0.9335760988653876,0.06642390113461241
126,-1,-0.9744868497396157,0.9586390999209444,0.04136090007905554
127,-1,-0.6883939339820144,0.9034176929666128,0.09658230703338715
128,-1,-0.48244571085227533,0.8260496226601446,0.17395037733985544
129,-1,-1.164652398209131,0.9777590142545565,0.022240985745443503
130,-1,-0.4001387723686974,0.7836326247082414,0.21636737529175873
131,-1,-0.5209931539941169,0.8435348873668354,0.15646511263316482
132,-1,-0.5031897081338822,0.8356437474844474,0.16435625251555264
133,-1,-0.9994964143808329,0.9618637204286941,0.03813627957130601
134,-1,-1.1441818762588174,0.9762166406977737,0.02378335930222622
135,-1,-1.5945205989007505,0.9945848869507014,0.00541511304929875
136,-1,-1.4646933127344934,0.9916992782608289,0.008300721739171018
137,-1,-1.6787232879944265,0.995895467668238,0.00410453233176217
138,-1,-1.570826631938026,0.9941457901937709,0.005854209806229201
139,-1,-1.885279432726766,0.9979202469907003,0.0020797530092997864
140,-1,-1.811506395607778,0.997348650823723,0.0026513491762769174
141,-1,-2.1884778733699863,0.9992333667446615,0.0007666332553386423
142,-1,-1.9326234399764715,0.9982203506558999,0.0017796493441001346
143,-1,-1.8482566674459644,0.9976507217746208,0.002349278225379185
144,-1,-1.6117158065537425,0.9948827915349108,0.005117208465089235
145,-1,-1.9269910140377913,0.9981870496127286,0.0018129503872714723
146,-1,-1.9804664383320183,0.9984796515314793,0.001520348468520677
147,-1,-1.6590477857162016,0.9956208938591149,0.004379106140885115
148,-1,-1.3205612017594386,0.9866669651311016,0.01333303486889836
149,-1,-1.4389381909574082,0.9909654448552146,0.0090345551447854
150,-1,-1.7743981098145956,0.9970042176212577,0.002995782378742264
151,-1,-1.6543662167973683,0.995552902569594,0.0044470974304060456
152,-1,-1.8572414262480086,0.9977191793984098,0.0022808206015902375
153,-1,-1.8563657923988,0.9977125963499575,0.0022874036500426407
154,-1,-1.7542192742730691,0.9967984975910876,0.003201502408912351
155,-1,-1.1657309583565785,0.9778374727560636,0.022162527243936313
156,-1,-0.6821666110867176,0.9016143032210457,0.09838569677895403
157,-1,-0.17872946736433565,0.6343478715442924,0.36565212845570744
158,-1,-0.3879906037199545,0.7767758760758737,0.22322412392412616
159,-1,-0.35910881687495233,0.7598592554051832,0.24014074459481688
160,-1,-0.4894859937955384,0.8293543995961881,0.17064560040381166
161,-1,-0.4899047325454597,0.8295493796787361,0.1704506203212639
162,-1,-0.2843114873445081,0.7121202889044468,0.2878797110955531
163,1,0.23797135021325888,0.3071550186873389,0.692844981312661
164,-1,-0.22708987173232634,0.6685608273074508,0.33143917269254924
165,-1,-0.004954596672988325,0.5,0.5
166,-1,-0.18263518905903622,0.6371966497726886,0.3628033502273114
167,1,0.0810241924356358,0.4260699820563035,0.5739300179436965
168,-1,-0.6545357701435368,0.8932465673721594,0.10675343262784069
169,-1,-0.9622013962942323,0.9569595123582033,0.043040487641796694
170,-1,-0.7653359830468864,0.9233709033473466,0.07662909665265334
171,-1,-0.7025749209624906,0.9074146014013769,0.09258539859862332
172,-1,-0.31811595665174763,0.7343830372566161,0.2656169627433839
173,-1,-0.11117819041820028,0.5828731279819546,0.4171268720180455
174,-1,-0.17050099743915934,0.6282976093045277,0.3717023906954723
175,-1,-0.07257301324443237,0.5519454504604278,0.4480545495395723
176,-1,-0.4889508161044995,0.8291049434562184,0.17089505654378162
177,-1,-0.22779988241815996,0.6690459929395194,0.33095400706048067
178,-1,-0.17795550746581054,0.6337815881776637,0.36621841182233617
179,-1,-0.39690856739627206,0.7818244105994259,0.21817558940057402
180,-1,-0.3668126443386471,0.7644558716935879,0.23554412830641194
181,-1,-0.6785325315649963,0.90054808872897,0.09945191127103009
182,-1,-1.0070618954025297,0.9627899672741843,0.037210032725815606
183,-1,-0.8320592548533547,0.9375370213114153,0.062462978688584685
184,-1,-0.6636285095540094,0.8960671926846729,0.10393280731532699
185,-1,-0.4864452151240166,0.8279331857280157,0.17206681427198434
186,-1,-0.47177245144669616,0.8209434484555009,0.17905655154449898
187,-1,-0.6148969419022164,0.8801513758508303,0.11984862414916983
188,-1,-0.6815285013750819,0.9014278260723875,0.0985721739276126
189,-1,-1.1213544829804187,0.9743716045883254,0.02562839541167451
190,-1,-0.9151091346104008,0.9498893730336395,0.05011062696636053
191,-1,-0.4484376134422643,0.8093733259679295,0.19062667403207048
192,-1,-0.6405272085037507,0.8887691563967116,0.11123084360328835
193,-1,-0.4504224754615218,0.8103793135592356,0.18962068644076402
194,-1,-0.6145685382312247,0.8800373014900191,0.11996269850998108
195,-1,-0.7744791341518122,0.9254734487590477,0.07452655124095257
196,-1,-1.3597038215806128,0.9882764916695399,0.011723508330460234
197,-1,-1.49335021438879,0.9924460354778335,0.00755396452216638
198,-1,-1.662246730086108,0.9956667541409554,0.004333245859044678
199,-1,-1.4680836289300603,0.9917913355740814,0.008208664425918737
200,-1,-1.6983437644717698,0.996152134017003,0.0038478659829969896
201,-1,-1.6209775053134117,0.9950364029928936,0.004963597007106353
202,-1,-1.9791485839014598,0.9984730422734492,0.0015269577265507477
203,-1,-2.128705356354912,0.9990666730044305,0.0009333269955694016
204,-1,-1.8672136789814073,0.9977928280154865,0.0022071719845134677
205,-1,-1.9821854827589962,0.9984882298482977,0.0015117701517022742
206,-1,-1.7367550964333045,0.9966090860483192,0.0033909139516806203
207,-1,-1.7869206213906303,0.9971251814037229,0.0028748185962772224
208,-1,-1.7595853824827459,0.9968545443322149,0.0031454556677851
209,-1,-1.9043882226124098,0.9980470270945104,0.0019529729054895972
210,-1,-1.6319116805852483,0.9952118317067471,0.004788168293252857
211,-1,-1.0567359648272439,0.9683477141796586,0.03165228582034145
212,-1,-1.5755735480855997,0.9942365217806121,0.005763478219387886
213,-1,-1.8525914107490076,0.99768400227051,0.0023159977294899244
214,-1,-1.8881832201355155,0.9979400300835852,0.0020599699164148035
215,-1,-1.9296783763270795,0.9982030153358911,0.0017969846641088254
216,-1,-1.8820402102524403,0.9978979543864684,0.0021020456135316446
217,-1,-1.6831958197473988,0.9959554417310802,0.004044558268919886
218,-1,-1.0429352226518587,0.9668909668553601,0.03310903314463997
219,-1,-0.3868582714410865,0.776128932450915,0.22387106754908495
220,-1,-0.3609678735688404,0.7609740850209983,0.23902591497900139
221,-1,-0.46399965692561507,0.8171516419051398,0.1828483580948602
222,-1,-0.401853047697244,0.7845878307920715,0.2154121692079286
223,-1,-0.5675257266699658,0.8627044116091128,0.1372955883908871
224,-1,-0.5292628130175563,0.8470940606990885,0.15290593930091131
225,-1,-0.18267627793716568,0.6372265400789352,0.3627734599210649
226,1,0.17982681216599167,0.3493123172490456,0.6506876827509545
227,-1,-0.15530096750171443,0.6169515842386296,0.38304841576137044
228,-1,-0.17054617184297824,0.6283310036702968,0.3716689963297033
229,-1,-0.1843730816840955,0.6384594419864837,0.3615405580135163
230,-1,-0.09123171342188402,0.5669965402060172,0.4330034597939828
231,-1,-0.7707540450489554,0.9246233126467018,0.07537668735329799
232,-1,-0.9261542340260779,0.9516417203500573,0.048358279649942666
233,-1,-0.5560161332113319,0.8581551010508197,0.14184489894918012
234,-1,-0.42749124690831847,0.7985081315839857,0.20149186841601419
235,-1,-0.26718816744366825,0.7004288165672821,0.29957118343271805
236,-1,-0.5417860881051422,0.8523573054366022,0.14764269456339782
237,-1,-0.40688518857097083,0.7873740815219202,0.21262591847807966
238,-1,-0.1507812693948626,0.6135365367952874,0.3864634632047126
239,-1,-0.31228934100136435,0.7306251211093739,0.26937487889062584
240,-1,-0.29383960372143814,0.718506831507953,0.281493168492047
241,-1,-0.18521082046990575,0.6390671026473166,0.36093289735268347
242,-1,-0.6743691346928081,0.8993139535824428,0.10068604641755713
243,-1,-0.39874123517972715,0.7828516413192544,0.21714835868074558
244,-1,-0.7956561591430016,0.930140973084497,0.06985902691550307
245,-1,-1.0083850587276018,0.9629496913602407,0.03705030863975934
246,-1,-0.6523547769011311,0.892560060816487,0.10743993918351294
247,-1,-0.5887644492679349,0.870776955071542,0.12922304492845807
248,-1,-0.5880697354496549,0.8705194226169456,0.1294805773830544
249,-1,-0.7345765581553176,0.9158926767048341,0.0841073232951661
250,-1,-0.7312924291718088,0.9150561839787493,0.08494381602125048
251,-1,-0.9983424023920668,0.961720471182387,0.03827952881761304
252,-1,-1.0648271527645463,0.9691723114258308,0.030827688574169
253,-1,-0.7031012920651601,0.9075600618079533,0.09243993819204666
254,-1,-0.6026516288140965,0.8758340200919855,0.12416597990801445
255,-1,-0.5297602319233728,0.8473060145875286,0.15269398541247145
256,-1,-0.8826385058960035,0.9443788493955724,0.05562115060442752
257,-1,-1.1409898643689562,0.9759667733989907,0.02403322660100919
258,-1,-1.6970891094157652,0.9961362123932257,0.0038637876067742763
259,-1,-1.5560750843374096,0.9938546211077514,0.006145378892248695
260,-1,-1.6769644263088244,0.995871639524722,0.004128360475277948
261,-1,-1.7246015171165072,0.9964706993526327,0.0035293006473672635
262,-1,-1.7557004516082346,0.9968140668798541,0.0031859331201458587
263,-1,-1.7092280425861264,0.9962875321745046,0.0037124678254952686
264,-1,-2.2962562909422393,0.999462330384533,0.0005376696154669446
265,-1,-1.8106485671343209,0.9973411542958182,0.0026588457041818274
266,-1,-1.9190230586309236,0.9981388730722168,0.0018611269277831375
267,-1,-1.8743313366493017,0.997843935597988,0.002156064402012043
268,-1,-1.9136594244159906,0.998105724176946,0.0018942758230539015
269,-1,-1.631289009291945,0.9952020100458661,0.004797989954134088
270,-1,-1.696213260678979,0.9961250588177898,0.003874941182210223
271,-1,-1.8810445774906244,0.9978910544692153,0.002108945530784629
272,-1,-1.3163733748374677,0.9864822218312846,0.013517778168715376
273,-1,-1.2033482555509984,0.9804086985917471,0.019591301408252958
274,-1,-1.6499554460184032,0.9954878789736552,0.00451212102634475
275,-1,-2.0957442017235084,0.9989597147766885,0.0010402852233115148
276,-1,-1.9587979818750716,0.9983672558010718,0.0016327441989281517
277,-1,-1.877076373837163,0.9978633283516541,0.002136671648345956
278,-1,-1.8090971675862915,0.9973275428152809,0.0026724571847190305
279,-1,-1.553361903319075,0.9937995130511983,0.00620048694880155
280,-1,-0.7412810101074908,0.9175771620202264,0.08242283797977365
281,-1,-0.5754402569027481,0.8657610617132003,0.1342389382867998
282,-1,-0.4362639090544528,0.803114077973776,0.19688592202622418
283,-1,-0.4993634452416875,0.8339066446968926,0.16609335530310726
284,-1,-0.4956296236653863,0.8321973659112766,0.16780263408872345
285,-1,-0.6047546781115515,0.8765848728851237,0.12341512711487651
286,-1,-0.41825788558795485,0.7935737925647917,0.20642620743520826
287,-1,-0.23694295264116086,0.6791318328676936,0.3208681671323064
288,1,0.23836259790938547,0.30688101808941126,0.6931189819105887
289,-1,-0.30812757870030133,0.7279205060185866,0.27207949398141335
290,-1,-0.1801610828498857,0.6353938025051682,0.36460619749483175
291,-1,-0.35198076419967506,0.7555518654480732,0.24444813455192654
292,-1,-0.2516091806081517,0.6895594671312931,0.31044053286870693
293,-1,-0.7516343909536336,0.9201181634531759,0.07988183654682392
294,-1,-0.7229178898598028,0.9128888734894062,0.08711112651059405
295,-1,-0.3131375269566284,0.7311742470667631,0.26882575293323674
296,-1,-0.3738568281501319,0.7686053095050613,0.23139469049493852
297,-1,-0.6810479225995716,0.9012871770160568,0.09871282298394309
298,-1,-0.6673189712599075,0.8971930810535331,0.10280691894646683
299,-1,-0.46297595744392056,0.8166476325140647,0.18335236748593522
300,1,0.011155002749153662,0.48329067855817615,0.5167093214418239
301,-1,-0.373555060276034,0.7684286025268274,0.23157139747317268
302,-1,-0.2976541521935382,0.7210393673715675,0.2789606326284324
303,-1,-0.4554089743785853,0.8128886650205895,0.18711133497941054
304,-1,-0.7097325187190866,0.9093750609744995,0.09062493902550052
305,-1,-0.8122394783027008,0.9336056971306101,0.06639430286939012
306,-1,-0.8132217226776185,0.9338058286441532,0.06619417135584678
307,-1,-0.8450852475355334,0.9400013294167955,0.05999867058320453
308,-1,-0.5923672004855312,0.8721055165412976,0.1278944834587024
309,-1,-0.6843956804481963,0.9022632478980964,0.09773675210190372
310,-1,-0.7587117994141334,0.92181377888742,0.07818622111258004
311,-1,-0.8468440601005864,0.9403270114768841,0.05967298852311584
312,-1,-1.0437615690968212,0.9669800147222745,0.033019985277725504
313,-1,-0.957355780817317,0.9562790297654167,0.043720970234583316
314,-1,-0.9337843559802546,0.9528177069633554,0.04718229303664464
315,-1,-0.8498922660657554,0.9382415344273604,0.06175846557263949
